competence_ru,order_original,orientation,question_ru,q,q_order,C1,c1,C2,c2,c3
актуализация цели,2,настоящее,"в своей работе я определяю только общее направление движения, без уточнения конкретных формулировок.",q_5,5,процесс терапии,1,альянс и сеттинг - 1,2,3
актуализация цели,57,настоящее,в своей работе я уделяю внимание проговариванию конкретных формулировок целей,q_6,6,процесс терапии,1,альянс и сеттинг - 1,2,3
актуализация цели,4,настоящее,я не обсуждаю с клиентом цели на терапии,q_120,120,процесс терапии,1,альянс и сеттинг - 1,2,3
актуализация цели,64,настоящее,"я обсуждаю результаты, которые хочет получить клиент в ходе терапии",q_157,157,процесс терапии,1,альянс и сеттинг - 1,2,3
актуализация цели,53,настоящее,"я переформулирую и уточняю цели терапии, если это необходимо",q_174,174,процесс терапии,1,альянс и сеттинг - 1,2,3
актуализация цели,77,настоящее,"я поддерживаю в терапии актуальный процесс клиента, а не концентрируюсь на целях.",q_179,179,процесс терапии,1,альянс и сеттинг - 1,2,3
альтернативные взгляды,118,прошлое,"я задавал(а) вопросы, направленные на расширение и дополнение видения ситуации клиентом",q_74,74,работа с изменениями,3,работа с изменениями,8,28
альтернативные взгляды,48,прошлое,"я не привносил(а) информации, противоречащей взгляду клиента",q_134,134,работа с изменениями,3,работа с изменениями,8,28
альтернативные взгляды,64,прошлое,"я рекомендовал(а) клиенту ознакомиться с дополнительной информацией (исследования, книги, статистические данные, статьи и др.), которые не совпадают с его убеждениями",q_204,204,работа с изменениями,3,работа с изменениями,8,28
альтернативные взгляды,73,прошлое,я старался(лась) не влиять на убеждения клиента,q_214,214,работа с изменениями,3,работа с изменениями,8,28
вопросы,62,прошлое,"задавая вопросы клиенту, я опирался(лась) на интуицию",q_19,19,работа с изменениями,3,работа с изменениями,8,27
вопросы,5,прошлое,"сначала я собирал(а) как можно больше информации о жизни клиента, а потом думал(а), что из этого пригодится в работе",q_51,51,работа с изменениями,3,работа с изменениями,8,27
вопросы,83,прошлое,"я задавал(а) вопросы, ориентируясь на поставленную цель терапии",q_76,76,работа с изменениями,3,работа с изменениями,8,27
вопросы,30,прошлое,"я использовал(а) вопросы только для сбора информации, а не для продвижения терапевтического процесса",q_85,85,работа с изменениями,3,работа с изменениями,8,27
вопросы,37,прошлое,"я хорошо понимал(а), что я спрашиваю у клиента и зачем",q_228,228,работа с изменениями,3,работа с изменениями,8,27
гибкость и адаптивность,84,прошлое,"я адаптировал(а) свою работу в зависимости от потребностей, актуальных для клиента",q_54,54,процесс терапии,1,мета-компетенции,1,1
гибкость и адаптивность,80,прошлое,"я менял(а) план работы, в зависимости от того, что происходило на сессии",q_102,102,процесс терапии,1,мета-компетенции,1,1
гибкость и адаптивность,97,прошлое,"я продолжал(а) использовать выбранные приемы работы, вне зависимости от того, что происходило на сессии",q_192,192,процесс терапии,1,мета-компетенции,1,1
гибкость и адаптивность,4,прошлое,я строго придерживался(лась) плана работы и действовал(а) согласно ему,q_218,218,процесс терапии,1,мета-компетенции,1,1
границы и правила,10,настоящее,в начале терапии я сразу перехожу к обсуждению проблемы клиента и не трачу время на обсуждение правил взаимодействия,q_3,3,процесс терапии,1,альянс и сеттинг - 3,4,9
границы и правила,13,настоящее,"если клиент просит поменять время сессии, я иду ему навстречу",q_13,13,процесс терапии,1,альянс и сеттинг - 3,4,9
границы и правила,91,настоящее,"я допускаю общение с клиентом между сессиями, даже если мы об этом не договариваемся",q_71,71,процесс терапии,1,альянс и сеттинг - 3,4,9
границы и правила,6,настоящее,я обсуждаю с клиентом факт нарушения установленных правил взаимодействия для обозначения терапевтических границ,q_159,159,процесс терапии,1,альянс и сеттинг - 3,4,9
границы и правила,8,настоящее,"я уделяю особое внимание проговариванию с клиентом правил взаимодействия: оплата, сеттинг и т.д.",q_222,222,процесс терапии,1,альянс и сеттинг - 3,4,9
знание границ своей компетентности,60,настоящее,"даже если у меня возникают сомнения по поводу какого-то клиента, я стараюсь сначала справиться сам(а), и только при ухудшении его состояния обращаюсь к другим специалистам",q_9,9,профессионализм,4,профессионализм-1,9,34
знание границ своей компетентности,81,настоящее,"на первых сессиях я понимаю, могу ли помочь клиенту, или необходимо перенаправить его к другому специалисту",q_42,42,профессионализм,4,профессионализм-1,9,34
знание границ своей компетентности,95,настоящее,"я беру в работу клиента, даже если не учился(лась) работать именно с таким типом проблем",q_58,58,профессионализм,4,профессионализм-1,9,34
знание границ своей компетентности,67,настоящее,"я использую диагностические процедуры (интервью, опросники, мануалы), чтобы убедиться, что обладаю достаточной компетенцией для работы с клиентом",q_98,98,профессионализм,4,профессионализм-1,9,34
знание границ своей компетентности,56,настоящее,"я пробую немедикаментозные способы помощи, прежде чем рекомендовать обратиться к специалистам по поводу медикаментозного лечения",q_189,189,профессионализм,4,профессионализм-1,9,34
знание границ своей компетентности,9,настоящее,"я уточняю наличие симптомов тяжелых нарушений у клиента, чтобы вовремя перенаправить к подходящему специалисту",q_224,224,профессионализм,4,профессионализм-1,9,34
интерпретации,14,прошлое,"я акцентировал(а) внимание клиента на том, что его действия, слова и чувства могут иметь определенный психологический смысл",q_56,56,работа с изменениями,3,работа с изменениями,8,26
интерпретации,43,прошлое,"я не использовал(а) интерпретации, чтобы не исказить субъективный опыт клиента",q_113,113,работа с изменениями,3,работа с изменениями,8,26
интерпретации,19,прошлое,я не раскрывал(а) клиенту свое видение его случая,q_138,138,работа с изменениями,3,работа с изменениями,8,26
интерпретации,57,прошлое,я просил(а) клиента говорить о своих чувствах и мыслях и не предлагал(а) своих интерпретаций,q_193,193,работа с изменениями,3,работа с изменениями,8,26
интерпретации,88,прошлое,"я рассказывал(а) клиенту о том, что может значить его поведение или состояние с точки зрения той теории, которой я учился(лась)",q_200,200,работа с изменениями,3,работа с изменениями,8,26
информация о психических процессах,52,прошлое,"я говорил(а) клиенту, как его эмоциональное состояние может влиять на его физическое самочувствие",q_63,63,работа с изменениями,3,работа с изменениями,8,33
информация о психических процессах,51,прошлое,я информировал(а) клиента о способах совладания с негативными эмоциональными состояниями,q_83,83,работа с изменениями,3,работа с изменениями,8,33
информация о психических процессах,18,прошлое,"я использовал(а) свои знания о психических процессах, чтобы объяснить клиенту то, что с ним происходит",q_92,92,работа с изменениями,3,работа с изменениями,8,33
информация о психических процессах,25,прошлое,"я не объяснял клиенту, как работает его психика, так как считаю, что осознавание этого происходит (должно происходить) в процессе работы",q_121,121,работа с изменениями,3,работа с изменениями,8,33
информация о психотерапии,28,настоящее,"я информирую клиентов об особенностях процесса психотерапии, поскольку считаю, что это важно для нашей работы",q_84,84,процесс терапии,1,альянс и сеттинг - 2,3,8
информация о психотерапии,82,настоящее,"я не рассказываю клиентам о том, как работаю, поскольку считаю, что это никак не повлияет на эффективность нашей работы",q_139,139,процесс терапии,1,альянс и сеттинг - 2,3,8
информация о психотерапии,11,настоящее,"я не рассказываю клиентам об особенностях подхода, в котором работаю - они узнают об этом сами в процессе психотерапии",q_140,140,процесс терапии,1,альянс и сеттинг - 2,3,8
информация о психотерапии,24,настоящее,"я не рассказываю клиентам про то, как действуют техники и упражнения, которые я применяю в работе с ними",q_141,141,процесс терапии,1,альянс и сеттинг - 2,3,8
информация о психотерапии,87,настоящее,"я объясняю клиенту цель и способ действия интервенций, которые я применяю",q_165,165,процесс терапии,1,альянс и сеттинг - 2,3,8
информация о психотерапии,38,настоящее,"я рассказываю клиентам об особенностях подхода, в котором я работаю",q_201,201,процесс терапии,1,альянс и сеттинг - 2,3,8
конгруэнтность,22,прошлое,"на вопросы клиента о моих чувствах я давал(а) честный ответ, даже если это могло задеть его",q_40,40,отношения,2,отношения-1,5,17
конгруэнтность,53,прошлое,я открыто делился своими чувствами с клиентом во время сессии,q_171,171,отношения,2,отношения-1,5,17
конгруэнтность,127,прошлое,"я поддерживал(а) клиента, даже если чувствовал(а), что не хочу этого делать",q_178,178,отношения,2,отношения-1,5,17
конгруэнтность,100,прошлое,"я прикладывал(а) усилия, чтобы не показывать клиенту связанные с ним негативные эмоции",q_187,187,отношения,2,отношения-1,5,17
конгруэнтность,69,прошлое,"я старался(лась) не показывать клиенту свои чувства, возникающие в процессе терапии",q_215,215,отношения,2,отношения-1,5,17
контекст,78,прошлое,"в начале сессии я обсуждал(а) с клиентом, с чем бы он хотел поработать сегодня",q_2,2,отношения,2,отношения-2,6,23
контекст,66,прошлое,"я возвращал(а) клиента к изначальному плану терапии, если он отвлекался на другие цели",q_60,60,отношения,2,отношения-2,6,23
контекст,108,прошлое,"я не переключался(лась) на текущие потребности клиента, не связанные с выбранной целью",q_128,128,отношения,2,отношения-2,6,23
контекст,113,прошлое,"я следил(а) за тем, как менялось состояние клиента от начала к концу сессии",q_207,207,отношения,2,отношения-2,6,23
контекст,12,настоящее,"я спрашивал клиента, насколько работа с текущими переживаниями для него актуальнее, чем работа над целью",q_211,211,отношения,2,отношения-2,6,23
конфиденциальность,100,настоящее,"я не трачу время клиентов на обсуждение основ конфиденциальности, ведь клиенты и так знают, что могут доверить психотерапевту свои секреты (чек-бокс)",q_145,145,процесс терапии,1,альянс и сеттинг - 3,4,11
конфиденциальность,26,настоящее,я обсуждаю в профильных сообществах коллег в соцсетях случаи своих клиентов,q_156,156,процесс терапии,1,альянс и сеттинг - 3,4,11
конфиденциальность,37,настоящее,я подписываю с клиентом информированное согласие о конфиденциальности терапии (чек-бокс с 2-мя вариантами),q_181,181,процесс терапии,1,альянс и сеттинг - 3,4,11
конфиденциальность,17,настоящее,"я принимаю меры, чтобы анонимность клиента была сохранена во время разбора случая на супервизии и интервизии",q_188,188,процесс терапии,1,альянс и сеттинг - 3,4,11
конфиденциальность,3,настоящее,"я проговариваю устно, но не фиксирую письменно согласие о конфиденциальности терапии (чек бокс)",q_191,191,процесс терапии,1,альянс и сеттинг - 3,4,11
конфиденциальность,85,настоящее,я согласовываю с клиентом возможность аудио/видео записи сессии (чек бокс),q_209,209,процесс терапии,1,альянс и сеттинг - 3,4,11
концептуализация случая,67,прошлое,"мне не было нужно подробно расспрашивать клиента о его проблеме, поскольку я сразу понимал(а), что с ним происходит",q_35,35,процесс терапии,1,альянс и сеттинг - 1,2,4
концептуализация случая,28,прошлое,"я делал(а) концептуализацию случая только на первой встрече, а дальше уже работал(а) с проблемой",q_66,66,процесс терапии,1,альянс и сеттинг - 1,2,4
концептуализация случая,56,прошлое,"я дополнял(а) концептуализацию случая клиента новой информацией, которую получал(а)",q_70,70,процесс терапии,1,альянс и сеттинг - 1,2,4
концептуализация случая,75,прошлое,"я задавал(а) вопросы, необходимые для концептуализации случая клиента",q_75,75,процесс терапии,1,альянс и сеттинг - 1,2,4
концептуализация случая,93,прошлое,я не создавал(а) концептуализацию/модель случая клиента,q_142,142,процесс терапии,1,альянс и сеттинг - 1,2,4
концептуализация случая,20,прошлое,"я переформулировал(а) клиенту его слова, согласно модели терапии, в которой я работаю",q_173,173,процесс терапии,1,альянс и сеттинг - 1,2,4
межпрофессиональное сотрудничество,31,настоящее,"я интересуюсь знаниями в области биологии, социальных наук, медицины, антропологии, чтобы понимать контекст, в котором развивается моя практика",q_82,82,профессионализм,4,профессионализм-1,9,35
межпрофессиональное сотрудничество,29,настоящее,"я ищу контакты хороших специалистов в смежных профессиях, чтобы при необходимости перенаправить к ним клиента",q_100,100,профессионализм,4,профессионализм-1,9,35
межпрофессиональное сотрудничество,96,настоящее,"я не интересуюсь спецификой смежных дисциплин (психиатрии, биологии, социальной работы и пр.)",q_112,112,профессионализм,4,профессионализм-1,9,35
межпрофессиональное сотрудничество,23,настоящее,я общаюсь на профессиональные темы преимущественно с коллегами из своего подхода,q_162,162,профессионализм,4,профессионализм-1,9,35
межпрофессиональное сотрудничество,44,настоящее,я общаюсь с коллегами из смежных профессий по рабочим вопросам,q_163,163,профессионализм,4,профессионализм-1,9,35
мотивация развиваться,27,настоящее,мне не хватает времени и сил следить за исследованиями в области психологии и смежных специальностей,q_36,36,профессионализм,4,профессионализм-2,10,38
мотивация развиваться,46,настоящее,я изучаю актуальную повестку научных событий в своей области,q_80,80,профессионализм,4,профессионализм-2,10,38
мотивация развиваться,70,настоящее,я не ощущаю необходимости в курсах повышения квалификации,q_126,126,профессионализм,4,профессионализм-2,10,38
мотивация развиваться,51,настоящее,я не провожу профилактику эмоционального выгорания,q_136,136,профессионализм,4,профессионализм-2,10,38
мотивация развиваться,68,настоящее,я посещаю конференции и участвую в них,q_183,183,профессионализм,4,профессионализм-2,10,38
мотивация развиваться,41,настоящее,"я предпринимаю специальные действия для профилактики эмоционального выгорания (супервизии, личная терапия, интервизии, группы и т.д.)",q_186,186,профессионализм,4,профессионализм-2,10,38
мультикультурность,1,настоящее,мне сложно работать с клиентом из-за его взглядов или культурных особенностей,q_38,38,отношения,2,отношения-3,7,24
мультикультурность,39,настоящее,"цвет кожи, акцент в речи или внешний вид клиента мешают моей работе",q_52,52,отношения,2,отношения-3,7,24
мультикультурность,69,настоящее,"я не отказываюсь от работы с клиентом только по причинам, связанным с его гендерной идентичностью и сексуальной ориентацией",q_124,124,отношения,2,отношения-3,7,24
мультикультурность,18,настоящее,я не работаю с людьми определенных национальностей или вероисповеданий,q_137,137,отношения,2,отношения-3,7,24
мультикультурность,48,настоящее,я поддерживаю свою информированность в области мультикультурных особенностей,q_180,180,отношения,2,отношения-3,7,24
мультикультурность,73,настоящее,"я стараюсь узнать больше об опыте клиента, связанном с его гендерной, этнической и др. идентичностью",q_217,217,отношения,2,отношения-3,7,24
мультикультурность,92,настоящее,"я учитываю в работе культурные, религиозные и гендерные особенности клиента",q_226,226,отношения,2,отношения-3,7,24
навыки тайм-менджмента,72,настоящее,"мне приходилось резко обрывать ход сессии, обращая внимание клиента на то, что время истекло",q_37,37,процесс терапии,1,альянс и сеттинг - 3,4,10
навыки тайм-менджмента,128,прошлое,окончание сессии затягивалось на 10-15 минут,q_45,45,процесс терапии,1,альянс и сеттинг - 3,4,10
навыки тайм-менджмента,87,прошлое,я не опаздывал(а) к началу сессии,q_122,122,процесс терапии,1,альянс и сеттинг - 3,4,10
навыки тайм-менджмента,31,прошлое,"я обнаруживал(а) на сессии, что время вдруг подошло к концу",q_150,150,процесс терапии,1,альянс и сеттинг - 3,4,10
навыки тайм-менджмента,2,прошлое,"я оставлял(а) время, что бы мягко завершить сессию",q_167,167,процесс терапии,1,альянс и сеттинг - 3,4,10
навыки тайм-менджмента,99,прошлое,я тщательно следил(а) за таймингом сессий,q_219,219,процесс терапии,1,альянс и сеттинг - 3,4,10
невербальные навыки,94,прошлое,"мне было трудно удерживать зрительный контакт с клиентом, это отвлекало от сути нашей беседы",q_34,34,отношения,2,отношения-1,5,16
невербальные навыки,32,прошлое,я не подстраивался(лась) под позу и манеру речи клиента,q_130,130,отношения,2,отношения-1,5,16
невербальные навыки,34,прошлое,я обращал(а) большое внимание на невербальные проявления клиента,q_151,151,отношения,2,отношения-1,5,16
невербальные навыки,92,прошлое,"я подстраивался(лась) под позу, тембр и манеру речи клиента",q_182,182,отношения,2,отношения-1,5,16
невербальные навыки,27,прошлое,"я уделял(а) внимание смыслу сказанного клиентом, а не его невербальным проявлениям",q_221,221,отношения,2,отношения-1,5,16
обратная связь,38,прошлое,"когда клиент был недоволен и не ценил проделанную работу, я расстраивался(лась) и говорил(а) клиенту о своих чувствах",q_21,21,отношения,2,отношения-2,6,22
обратная связь,95,прошлое,"когда клиент высказывал неудовлетворенность работой, я пытался(лась) переубедить его",q_22,22,отношения,2,отношения-2,6,22
обратная связь,45,прошлое,"когда клиент негативно отзывался о том, что происходило на сессии, я старался(лась) понять, что именно его не устраивало",q_27,27,отношения,2,отношения-2,6,22
обратная связь,40,прошлое,я использовал(а) шкалы обратной связи,q_97,97,отношения,2,отношения-2,6,22
обратная связь,117,прошлое,"я обсуждал(а) с клиентом нашу работу, его удовлетворенность ею",q_155,155,отношения,2,отношения-2,6,22
обсуждение контракта,102,настоящее,"в процессе терапии все быстро меняется, поэтому я не формулирую детализированный контракт о целях работы с клиентом",q_4,4,процесс терапии,1,альянс и сеттинг - 1,2,5
обсуждение контракта,84,настоящее,"я не обсуждаю контракт с клиентом, поскольку этого не предполагает подход, в котором я работаю",q_119,119,процесс терапии,1,альянс и сеттинг - 1,2,5
обсуждение контракта,5,настоящее,я обсуждаю с клиентом критерии достижения общей цели нашей работы,q_158,158,процесс терапии,1,альянс и сеттинг - 1,2,5
обсуждение контракта,14,настоящее,я обсуждаю цель работы с клиентом,q_161,161,процесс терапии,1,альянс и сеттинг - 1,2,5
обсуждение контракта,86,настоящее,"я следую за текущими процессами клиента, не инициируя обсуждение целей нашей работы",q_208,208,процесс терапии,1,альянс и сеттинг - 1,2,5
обсуждение контракта,89,настоящее,я формулирую психотерапевтический контракт с клиентом,q_227,227,процесс терапии,1,альянс и сеттинг - 1,2,5
оценка результатов,41,прошлое,во время сессии я сопоставлял(а) изначальный запрос клиента и текущие результаты,q_8,8,результаты,5,результаты,11,41
оценка результатов,103,прошлое,"я ждал(а) полного решения проблемы, чтобы вместе с клиентом подвести итоги работы",q_72,72,результаты,5,результаты,11,41
оценка результатов,74,прошлое,"я использовал(а) специальные инструменты для подведения промежуточных итогов (например, шкалы или вопросы)",q_93,93,результаты,5,результаты,11,41
оценка результатов,82,прошлое,"я не задавал(а) клиенту вопросы про результаты терапии, так как, когда они появятся, это станет само собой заметно",q_111,111,результаты,5,результаты,11,41
оценка результатов,116,прошлое,я не тратил(а) время сессии на оценку промежуточных результатов,q_144,144,результаты,5,результаты,11,41
оценка результатов,58,прошлое,"я просил(а) клиента рассказывать мне о том, как он оценивает свой прогресс",q_196,196,результаты,5,результаты,11,41
пауза,36,прошлое,"если в разговоре с клиентом возникала пауза, я старался(лась) ее чем-то заполнить",q_10,10,работа с изменениями,3,работа с изменениями,8,29
пауза,120,прошлое,"я делал(а) паузы в разговоре, чтобы дать клиенту возможность побыть со своими мыслями и переживаниям",q_67,67,работа с изменениями,3,работа с изменениями,8,29
пауза,122,прошлое,"я использовал(а) молчание, чтобы углубить контакт",q_87,87,работа с изменениями,3,работа с изменениями,8,29
пауза,17,прошлое,"я молчал(а), когда не знал(а), как продолжить работу",q_103,103,работа с изменениями,3,работа с изменениями,8,29
пауза,90,прошлое,я не пользовался(лась) техникой терапевтических пауз на сессии,q_131,131,работа с изменениями,3,работа с изменениями,8,29
пауза,55,прошлое,"я предлагал(а) клиенту помолчать, чтобы обратить его внимание на то, что с ним происходит",q_185,185,работа с изменениями,3,работа с изменениями,8,29
перефразирование и пересказ,10,прошлое,"я использовал(а) перефразирование, чтобы убедиться, что правильно понимаю клиента",q_89,89,отношения,2,отношения-1,5,13
перефразирование и пересказ,119,прошлое,я не использовал(а) перефразирование,q_115,115,отношения,2,отношения-1,5,13
перефразирование и пересказ,61,прошлое,я повторял(а) сказанное словами клиента,q_175,175,отношения,2,отношения-1,5,13
перефразирование и пересказ,81,прошлое,"я уточнял(а) у клиента, правильно ли я его понимаю",q_223,223,отношения,2,отношения-1,5,13
план сессии и отчет,85,прошлое,после завершения сессии я обдумывал(а) произошедшее на ней,q_47,47,процесс терапии,1,альянс и сеттинг - 2,3,7
план сессии и отчет,111,прошлое,после сессии я делал(а) записи по клиентскому случаю,q_49,49,процесс терапии,1,альянс и сеттинг - 2,3,7
план сессии и отчет,12,прошлое,"я корректировал(а) составленный ранее план терапии, если понимал(а), что назрели правки",q_101,101,процесс терапии,1,альянс и сеттинг - 2,3,7
план сессии и отчет,70,прошлое,я намечал(а) план на каждую сессию,q_105,105,процесс терапии,1,альянс и сеттинг - 2,3,7
план сессии и отчет,79,прошлое,я не составлял(а) отчёт после каждой сессии,q_143,143,процесс терапии,1,альянс и сеттинг - 2,3,7
поддержание результатов,21,прошлое,я акцентировал(а) внимание клиента на его достижениях,q_55,55,результаты,5,результаты,11,42
поддержание результатов,1,прошлое,я замечал(а) даже малейшие положительные изменения у клиента и говорил(а) ему о них,q_77,77,результаты,5,результаты,11,42
поддержание результатов,121,прошлое,"я не акцентировал(а) внимание на успехах клиента и ждал(а), что он сам их заметит",q_106,106,результаты,5,результаты,11,42
поддержание результатов,24,прошлое,"я не обсуждал(а) с клиентом то, что уже достигнуто, а фокусировался(лась) на том, что еще не сделано",q_118,118,результаты,5,результаты,11,42
поддержание результатов,60,прошлое,"я не отмечал(а) незначительные изменения клиента, пока проблема не была полностью решена",q_125,125,результаты,5,результаты,11,42
поддержание результатов,44,прошлое,"я поддерживал(а) в клиенте ощущение веры в свою способность достичь цели, напоминая о его предыдущих успехах",q_177,177,результаты,5,результаты,11,42
поддержка,86,прошлое,"я больше времени анализировал(а) проблему, а не поощрял(а) и одобрял(а) клиента",q_59,59,отношения,2,отношения-1,5,15
поддержка,98,прошлое,я говорил(а) клиентам слова одобрения и поддержки в процессе работы,q_62,62,отношения,2,отношения-1,5,15
поддержка,9,прошлое,я использовал(а) невербальные способы поддержки клиента,q_88,88,отношения,2,отношения-1,5,15
поддержка,72,прошлое,"я отслеживал(а) степень проявления заботы о клиенте, чтобы не формировать зависимость от терапевта",q_172,172,отношения,2,отношения-1,5,15
поддержка,101,прошлое,"я спрашивал(а) клиента о том, комфортно ли ему во время сессии",q_212,212,отношения,2,отношения-1,5,15
понятность,65,прошлое,"клиент спрашивали меня о том, что я имел(а) в виду",q_20,20,отношения,2,отношения-1,5,19
понятность,50,прошлое,я говорил(а) с клиентом понятным ему языком,q_64,64,отношения,2,отношения-1,5,19
понятность,39,прошлое,"я использовал(а) метафоры и аналогии, чтобы клиенту было понятнее, что я имел(а) в виду",q_86,86,отношения,2,отношения-1,5,19
понятность,26,прошлое,"я использовал(а) психологические термины, чтобы завоевать доверие клиента",q_90,90,отношения,2,отношения-1,5,19
понятность,102,прошлое,"я использовал(а) стиль общения, которого придерживался клиент",q_94,94,отношения,2,отношения-1,5,19
последовательность и фокус терапии,52,настоящее,"если клиент перескакивает на тему, не связанную с первоначальным запросом, то я следую за ним",q_12,12,процесс терапии,1,альянс и сеттинг - 2,3,6
последовательность и фокус терапии,99,настоящее,мы с клиентом совместно формулируем повестку сессии,q_39,39,процесс терапии,1,альянс и сеттинг - 2,3,6
последовательность и фокус терапии,90,настоящее,"на каждой сессии я напоминаю клиенту о том, что происходило на предыдущей сессии",q_41,41,процесс терапии,1,альянс и сеттинг - 2,3,6
последовательность и фокус терапии,30,настоящее,"прежде чем переходить к работе над целью, я уделяю время для формирования теплых, доверительных отношений с клиентом",q_50,50,процесс терапии,1,альянс и сеттинг - 2,3,6
последовательность и фокус терапии,42,настоящее,"что бы ни происходило на сессии, я помню про поставленную нами цель",q_53,53,процесс терапии,1,альянс и сеттинг - 2,3,6
последовательность и фокус терапии,20,настоящее,"я не выделяю никаких этапов в психотерапевтической работе, она движется единым потоком",q_110,110,процесс терапии,1,альянс и сеттинг - 2,3,6
последовательность и фокус терапии,7,настоящее,"я работаю с ощущением безопасности клиента, прежде чем переходить к конфронтации с клиентом",q_198,198,процесс терапии,1,альянс и сеттинг - 2,3,6
принятие,49,настоящее,"если я считаю переживания клиента необоснованными, то сразу говорю ему об этом",q_18,18,отношения,2,отношения-1,5,12
принятие,98,настоящее,"когда клиент плачет, я обращаю его внимание на позитивные стороны ситуации",q_29,29,отношения,2,отношения-1,5,12
принятие,35,прошлое,"когда я слушал(а) клиента, то смотрел(а) на него, активно поддерживая контакт",q_32,32,отношения,2,отношения-1,5,12
принятие,11,прошлое,"я отказывался(лась) работать с клиентом, если чувстовал(а) конфликт ценностей",q_170,170,отношения,2,отношения-1,5,12
принятие,13,прошлое,"я с уважением относился(лась) к решениям клиента, даже если не до конца понимал(а) их",q_205,205,отношения,2,отношения-1,5,12
принятие,47,настоящее,"я с уважением отношусь к личности, мировоззрению, ценностям клиента и стараюсь продемонстрировать это",q_206,206,отношения,2,отношения-1,5,12
профессиональные знания,83,настоящее,"я изучаю особенности применения техник (уместность, особенности и модификации разных упражнений)",q_81,81,профессионализм,4,профессионализм-1,9,36
профессиональные знания,78,настоящее,"я не ищу дополнительную информацию, моих знаний хватает для работы с клиентами",q_116,116,профессионализм,4,профессионализм-1,9,36
профессиональные знания,97,настоящее,"я не применяю новые приемы - лучше делать то, что уже хорошо знаешь",q_135,135,профессионализм,4,профессионализм-1,9,36
профессиональные знания,33,настоящее,"я не употребляю психологические термины, чтобы не запутывать клиента",q_147,147,профессионализм,4,профессионализм-1,9,36
профессиональные знания,80,настоящее,"я объясняю клиентам некоторые психологические термины, которые считаю полезными для понимания ситуации",q_164,164,профессионализм,4,профессионализм-1,9,36
профессиональные знания,61,настоящее,"я читаю дополнительную литературу, чтобы лучше разобраться в ситуации клиента",q_230,230,профессионализм,4,профессионализм-1,9,36
прямое руководство,115,прошлое,я давал(а) клиенту домашние задания,q_65,65,работа с изменениями,3,работа с изменениями,8,30
прямое руководство,7,прошлое,я использовал(а) рекомендации и предписания в своей работе,q_91,91,работа с изменениями,3,работа с изменениями,8,30
прямое руководство,104,прошлое,я не предлагал(а) клиенту конкретных решений ситуации,q_132,132,работа с изменениями,3,работа с изменениями,8,30
прямое руководство,77,прошлое,я предлагал(а) клиенту варианты поведения в определенных ситуациях,q_184,184,работа с изменениями,3,работа с изменениями,8,30
распознавание разрывов в терапевтическом альянсе,19,настоящее,"когда клиент закрывается в процессе терапии, я не пытаюсь его вовлечь в разговор, а жду инициативы от него",q_26,26,отношения,2,отношения-2,6,20
распознавание разрывов в терапевтическом альянсе,43,настоящее,"я делаю выбор в пользу техник, работающих на цели клиента, а не техник работающих на отношения с клиентом",q_68,68,отношения,2,отношения-2,6,20
распознавание разрывов в терапевтическом альянсе,65,настоящее,"я замечаю, что клиент отстраняется, закрывается или уклоняется от содержания нашей беседы на сессиях",q_78,78,отношения,2,отношения-2,6,20
распознавание разрывов в терапевтическом альянсе,63,настоящее,"я обсуждаю с клиентом, как его пропуски и опоздания связаны с нашими с ним терапевтическими отношениями",q_160,160,отношения,2,отношения-2,6,20
распознавание разрывов в терапевтическом альянсе,22,настоящее,"я стараюсь восстановить контакт с клиентом, если замечаю, что он нарушается",q_216,216,отношения,2,отношения-2,6,20
распознавание разрывов в терапевтическом альянсе,16,настоящее,"я уточняю, с чем связаны изменения в поведении клиента на сессии (изменение интонации, непривычно долгое молчание и.т.д)",q_225,225,отношения,2,отношения-2,6,20
резюмирование,54,прошлое,по следам рассказа клиента я обобщал(а) суть его переживаний и размышлений,q_46,46,отношения,2,отношения-1,5,18
резюмирование,71,прошлое,после рассказа клиента я кратко резюмировал(а) ему суть сказанного,q_48,48,отношения,2,отношения-1,5,18
резюмирование,15,прошлое,я избегал(а) переспрашиваний в процессе работы,q_79,79,отношения,2,отношения-1,5,18
резюмирование,8,прошлое,я не использовал(а) обобщение,q_114,114,отношения,2,отношения-1,5,18
резюмирование,46,прошлое,я резюмировал(а) слова клиента,q_203,203,отношения,2,отношения-1,5,18
резюмирование сессии и результатов терапии c клиентом,63,прошлое,"в конце сессии я уточнял(а) у клиента, что он считает результатом сессии",q_1,1,результаты,5,результаты,11,40
резюмирование сессии и результатов терапии c клиентом,33,прошлое,"я не выделял(а) значимые моменты сессии для клиента, поскольку он сам запоминает самое важное",q_109,109,результаты,5,результаты,11,40
резюмирование сессии и результатов терапии c клиентом,109,прошлое,я не подводил(а) итогов на сессии,q_129,129,результаты,5,результаты,11,40
резюмирование сессии и результатов терапии c клиентом,47,прошлое,"я подводил(а) итог сессии, только если об этом просил клиент",q_176,176,результаты,5,результаты,11,40
резюмирование сессии и результатов терапии c клиентом,59,прошлое,я специально оставлял(а) время в конце сессии для подведения итогов,q_210,210,результаты,5,результаты,11,40
самооценка,107,прошлое,"вне сессий я тренировал(а) свои профессиональные навыки (например, в группах, на тренингах и т.д.)",q_7,7,профессионализм,4,профессионализм-2,10,39
самооценка,114,прошлое,между сессиями я анализировал(а) качество терапевтического альянса,q_33,33,профессионализм,4,профессионализм-2,10,39
самооценка,123,прошлое,"на сессиях я действовал(а) интуитивно, не вдаваясь в детальный анализ своей работы",q_43,43,профессионализм,4,профессионализм-2,10,39
самооценка,16,прошлое,"я анализировал(а) проведенные мною сессии, чтобы выявить свои зоны развития",q_57,57,профессионализм,4,профессионализм-2,10,39
самооценка,110,прошлое,я не анализировал(а) случай клиента между сессиями,q_107,107,профессионализм,4,профессионализм-2,10,39
самооценка,105,прошлое,"я проводил(а) самостоятельный анализ сессий, чтобы лучше разобраться в случае клиента",q_190,190,профессионализм,4,профессионализм-2,10,39
саморегуляция,101,настоящее,"если я испытываю негативные чувства по отношению к клиенту, я жду, когда они сами собой пройдут",q_16,16,процесс терапии,1,мета-компетенции,1,2
саморегуляция,88,настоящее,"негативные чувства и мысли, связанные с клиентом, не влияют на мою работу",q_44,44,процесс терапии,1,мета-компетенции,1,2
саморегуляция,25,настоящее,"я выбираю и выражаю только те эмоции, которые считаю полезными для хода терапии",q_61,61,процесс терапии,1,мета-компетенции,1,2
саморегуляция,36,настоящее,"я использую приемы саморегуляции, чтобы мои эмоции не мешали работе",q_99,99,процесс терапии,1,мета-компетенции,1,2
саморегуляция,94,настоящее,"я не анализирую эмоции, возникающие у меня во время сессии",q_108,108,процесс терапии,1,мета-компетенции,1,2
саморегуляция,75,настоящее,"я отделяю чувства, которые переживаю в связи с процессом сессии, от своих личных переживаний",q_169,169,процесс терапии,1,мета-компетенции,1,2
сопротивление,59,настоящее,"если клиент не хочет работать с какой-то темой, то я соглашаюсь и не затрагиваю ее",q_11,11,отношения,2,отношения-2,6,21
сопротивление,55,настоящее,"если клиент пытается манипулировать мной, я замечаю и сообщаю ему об этом",q_14,14,отношения,2,отношения-2,6,21
сопротивление,66,настоящее,"если я подозреваю у клиента наличие сопротивления, я задаю вопрос об этом",q_17,17,отношения,2,отношения-2,6,21
сопротивление,45,настоящее,"когда клиент отказывается работать с какой-то техникой, я обсуждаю с ним возможность альтернативных вариантов",q_28,28,отношения,2,отношения-2,6,21
сопротивление,71,настоящее,я останавливаю попытки манипуляций со стороны клиента,q_168,168,отношения,2,отношения-2,6,21
стимуляция,42,прошлое,"если клиент сам не рассказывал подробно о чем-то, я не просил(а) клиента рассказать больше",q_15,15,работа с изменениями,3,работа с изменениями,8,32
стимуляция,124,прошлое,"когда клиент дистанцировался и избегал говорить о чем-то, я старался(лась) вовлечь его в обсуждение",q_23,23,работа с изменениями,3,работа с изменениями,8,32
стимуляция,76,прошлое,"я использовал(а) фразы «расскажите больше о…», «а что еще…?»",q_96,96,работа с изменениями,3,работа с изменениями,8,32
стимуляция,68,прошлое,я просил(а) клиента на сессии усилить невербальные проявления чувств и переживаний,q_194,194,работа с изменениями,3,работа с изменениями,8,32
стимуляция,126,прошлое,"я просил(а) клиента подробнее рассказать о чувствах, которые он испытывает",q_195,195,работа с изменениями,3,работа с изменениями,8,32
супервизия - личная терапия - интервизия,40,настоящее,я не ощущаю потребности в личной терапии,q_127,127,профессионализм,4,профессионализм-2,10,37
супервизия - личная терапия - интервизия,93,настоящее,я не прибегаю к супервизиям/интервизиям в своей работе,q_133,133,профессионализм,4,профессионализм-2,10,37
супервизия - личная терапия - интервизия,54,настоящее,я обращаюсь к интервизии и/или супервизии для рефлексии работы с клиентами,q_152,152,профессионализм,4,профессионализм-2,10,37
супервизия - личная терапия - интервизия,79,настоящее,"я обращаюсь к своим коллегам, чтобы обсудить возникающие в процессе консультирования проблемы (например, этические, эмоциональные и пр.)",q_153,153,профессионализм,4,профессионализм-2,10,37
супервизия - личная терапия - интервизия,35,настоящее,"я осваиваю новые подходы самостоятельно, не прибегая к обучению у других специалистов",q_166,166,профессионализм,4,профессионализм-2,10,37
супервизия - личная терапия - интервизия,50,настоящее,я прохожу личную терапию для проработки собственных проблем и запросов,q_197,197,профессионализм,4,профессионализм-2,10,37
уместное самораскрытие,76,настоящее,"когда клиент задает вопросы обо мне, я избегаю ответа на них",q_24,24,работа с изменениями,3,работа с изменениями,8,31
уместное самораскрытие,62,настоящее,"когда клиент задает вопросы обо мне, я отвечаю максимально подробно",q_25,25,работа с изменениями,3,работа с изменениями,8,31
уместное самораскрытие,21,настоящее,"я делюсь своим опытом с клиентом, чтобы показать альтернативный способ мышления или действий",q_69,69,работа с изменениями,3,работа с изменениями,8,31
уместное самораскрытие,34,настоящее,"я ничего не рассказываю клиенту о себе, на терапии мы говорим о клиенте",q_148,148,работа с изменениями,3,работа с изменениями,8,31
уместное самораскрытие,58,настоящее,"я нормализую переживания клиента, раскрывая перед ним свой опыт",q_149,149,работа с изменениями,3,работа с изменениями,8,31
уместное самораскрытие,15,настоящее,"я раскрываю перед клиентом личный опыт, когда понимаю, что у нас крепкий терапевтический альянс",q_199,199,работа с изменениями,3,работа с изменениями,8,31
уместное самораскрытие,74,настоящее,"я рассказываю клиенту о личном опыте применения упражнений и техник (например, практик внимательности), которые использую в терапии",q_202,202,работа с изменениями,3,работа с изменениями,8,31
уместное самораскрытие,32,настоящее,"я спрашиваю разрешения у клиента, прежде чем рассказать о личном опыте",q_213,213,работа с изменениями,3,работа с изменениями,8,31
челендж (работа с затруднениями),49,прошлое,"когда я наблюдал(а) у клиента какой-то дисфункциональный процесс/убеждение или внутреннее противоречие, я прямо указывал(а) на это",q_30,30,работа с изменениями,3,работа с изменениями,8,25
челендж (работа с затруднениями),89,прошлое,"я ждал(а), когда клиент сам обнаружит свои внутренние противоречия и затруднения",q_73,73,работа с изменениями,3,работа с изменениями,8,25
челендж (работа с затруднениями),112,прошлое,"я использовал(а) техники, помогающие клиенту преодолеть его дисфункциональные процессы и паттерны поведения",q_95,95,работа с изменениями,3,работа с изменениями,8,25
челендж (работа с затруднениями),91,прошлое,"я не указывал(а) клиенту на его дисфункциональные процессы, убеждения или внутренние противоречия, чтобы не нарушить наши отношения",q_146,146,работа с изменениями,3,работа с изменениями,8,25
челендж (работа с затруднениями),96,прошлое,"я обсуждал(а) с клиентом его затруднения, и мы вместе размышляли над тем, как их преодолеть",q_154,154,работа с изменениями,3,работа с изменениями,8,25
эмпатия,23,прошлое,"когда я слушал(а) клиента, представлял(а), что бы я чувствовал(а), если бы эти события произошли в моей жизни",q_31,31,отношения,2,отношения-1,5,14
эмпатия,106,прошлое,"я называл(а) чувства, переживаемые клиентом",q_104,104,отношения,2,отношения-1,5,14
эмпатия,6,прошлое,"я не называл(а) чувства клиента, он сам должен осознавать и называть их",q_117,117,отношения,2,отношения-1,5,14
эмпатия,3,прошлое,"я не отзеркаливал(а) чувства клиента, чтобы не вовлечься в его переживания и быть в состоянии помочь ему",q_123,123,отношения,2,отношения-1,5,14
эмпатия,29,прошлое,"я уделял(а) больше внимания решению проблем клиента, а не разговорам о его чувствах",q_220,220,отношения,2,отношения-1,5,14
эмпатия,125,прошлое,я часто испытывал(а) теплые чувства и заботу по отношению к клиенту,q_229,229,отношения,2,отношения-1,5,14
